Num_Threads,Size,Data Type,Time
1,100,char,0.000004512
1,1000,char,0.000005136
1,10000,char,0.000014449
1,100000,char,0.000133720
1,1000000,char,0.001227894
1,10000000,char,0.012274170
1,100000000,char,